{
  "os": {
    "system": "Windows",
    "release": "10",
    "version": "10.0.26200",
    "machine": "AMD64",
    "processor": "Intel64 Family 6 Model 165 Stepping 2, GenuineIntel",
    "platform": "Windows-10-10.0.26200-SP0"
  },
  "python": {
    "version": "3.11.9",
    "implementation": "CPython",
    "compiler": "MSC v.1938 64 bit (AMD64)",
    "executable": "C:\\Users\\dell\\AppData\\Local\\Microsoft\\WindowsApps\\PythonSoftwareFoundation.Python.3.11_qbz5n2kfra8p0\\python.exe"
  },
  "packages": {
    "epi-recorder": "2.1.0",
    "aiohappyeyeballs": "2.6.1",
    "aiohttp": "3.13.0",
    "aiosignal": "1.4.0",
    "annotated-types": "0.7.0",
    "anyio": "4.11.0",
    "asyncio": "4.0.0",
    "attrs": "25.3.0",
    "backports.tarfile": "1.2.0",
    "black": "25.9.0",
    "build": "1.3.0",
    "cbor2": "5.7.1",
    "certifi": "2025.8.3",
    "cffi": "2.0.0",
    "charset-normalizer": "3.4.3",
    "click": "8.2.1",
    "colorama": "0.4.6",
    "comtypes": "1.4.12",
    "coverage": "7.11.0",
    "cryptography": "46.0.2",
    "diskcache": "5.6.3",
    "distro": "1.9.0",
    "docutils": "0.22",
    "fastapi": "0.118.3",
    "frozenlist": "1.8.0",
    "h11": "0.16.0",
    "httpcore": "1.0.9",
    "httpx": "0.28.1",
    "id": "1.5.0",
    "idna": "3.10",
    "importlib_metadata": "8.7.0",
    "iniconfig": "2.1.0",
    "jaraco.classes": "3.4.0",
    "jaraco.context": "6.0.1",
    "jaraco.functools": "4.3.0",
    "jiter": "0.11.0",
    "jsonpath-ng": "1.7.0",
    "jsonschema": "4.25.1",
    "jsonschema-specifications": "2025.9.1",
    "keyring": "25.6.0",
    "lxml": "6.0.2",
    "markdown-it-py": "4.0.0",
    "mdurl": "0.1.2",
    "more-itertools": "10.8.0",
    "multidict": "6.7.0",
    "mypy_extensions": "1.1.0",
    "nh3": "0.3.0",
    "numpy": "2.3.3",
    "ollama": "0.6.0",
    "openai": "2.2.0",
    "packaging": "25.0",
    "pandas": "2.3.3",
    "pathspec": "0.12.1",
    "pillow": "12.0.0",
    "platformdirs": "4.4.0",
    "pluggy": "1.6.0",
    "ply": "3.11",
    "propcache": "0.4.0",
    "psutil": "7.1.0",
    "pycparser": "2.23",
    "pydantic": "2.11.7",
    "pydantic_core": "2.33.2",
    "Pygments": "2.19.2",
    "pypiwin32": "223",
    "pyproject_hooks": "1.2.0",
    "pytest": "8.4.2",
    "pytest-asyncio": "1.2.0",
    "pytest-cov": "7.0.0",
    "python-dateutil": "2.9.0.post0",
    "python-docx": "1.2.0",
    "python-dotenv": "1.1.1",
    "python-multipart": "0.0.20",
    "python-pptx": "1.0.2",
    "pytokens": "0.1.10",
    "pyttsx3": "2.99",
    "pytz": "2025.2",
    "pywin32": "311",
    "pywin32-ctypes": "0.2.3",
    "PyYAML": "6.0.2",
    "readme_renderer": "44.0",
    "referencing": "0.36.2",
    "requests": "2.32.5",
    "requests-toolbelt": "1.0.0",
    "rfc3986": "2.0.0",
    "rich": "14.1.0",
    "rpds-py": "0.27.1",
    "setuptools": "65.5.0",
    "shellingham": "1.5.4",
    "six": "1.17.0",
    "sniffio": "1.3.1",
    "starlette": "0.48.0",
    "tabulate": "0.9.0",
    "tqdm": "4.67.1",
    "twine": "6.2.0",
    "typer": "0.17.4",
    "typing_extensions": "4.15.0",
    "typing-inspection": "0.4.1",
    "tzdata": "2025.2",
    "urllib3": "2.5.0",
    "uvicorn": "0.37.0",
    "watchdog": "6.0.0",
    "wheel": "0.45.1",
    "xlsxwriter": "3.2.9",
    "yarl": "1.22.0",
    "zipfile38": "0.0.3",
    "zipp": "3.23.0",
    "pip": "24.0"
  },
  "environment_variables": {
    "PATH": "C:\\WINDOWS\\system32;C:\\WINDOWS;C:\\WINDOWS\\System32\\Wbem;C:\\WINDOWS\\System32\\WindowsPowerShell\\v1.0\\;C:\\WINDOWS\\System32\\OpenSSH\\;C:\\Program Files\\Git\\cmd;C:\\Program Files\\GitHub CLI\\;C:\\Users\\dell\\AppData\\Local\\Microsoft\\WindowsApps;C:\\Users\\dell\\AppData\\Local\\Programs\\Microsoft VS Code\\bin;C:\\Users\\dell\\AppData\\Local\\Programs\\Ollama;C:\\Users\\dell\\AppData\\Local\\Programs\\Qoder\\bin;C:\\Users\\dell\\AppData\\Local\\Programs\\Antigravity\\bin;C:\\Users\\dell\\AppData\\Local\\Packages\\PythonSoftwareFoundation.Python.3.11_qbz5n2kfra8p0\\LocalCache\\local-packages\\Python311\\Scripts;C:\\Users\\dell\\AppData\\Local\\Packages\\PythonSoftwareFoundation.Python.3.11_qbz5n2kfra8p0\\LocalCache\\local-packages\\Python311\\Scripts",
    "USERNAME": "dell"
  },
  "working_directory": {
    "path": "C:\\Users\\dell\\epi-recorder",
    "absolute": "C:\\Users\\dell\\epi-recorder",
    "exists": true
  }
}